[
    {
        "order_id": "1832962952538625792",
        "order_link_id": "1832962952538625793",
        "symbol": "USDCUSDT",
        "qty": 1.0,
        "timestamp": "2024-12-03 19:10:12",
        "type": "Market",
        "status": "OK"
    },
    {
        "order_id": "1832977762055624448",
        "order_link_id": "1832977762055624449",
        "symbol": "USDCUSDT",
        "qty": 1.0,
        "timestamp": "2024-12-03 19:39:37",
        "type": "Market",
        "status": "OK"
    },
    {
        "order_id": "1832978572042835712",
        "order_link_id": "1832978572042835713",
        "symbol": "USDCUSDT",
        "qty": 1.0,
        "timestamp": "2024-12-03 19:41:14",
        "type": "Market",
        "status": "OK"
    },
    {
        "order_id": "1832979506995140352",
        "order_link_id": "1832979506995140353",
        "symbol": "USDCUSDT",
        "qty": 1.0,
        "timestamp": "2024-12-03 19:43:05",
        "type": "Market",
        "status": "OK"
    },
    {
        "order_id": "1832982387525687040",
        "order_link_id": "1832982387525687041",
        "symbol": "USDCUSDT",
        "qty": 1.0,
        "timestamp": "2024-12-03 19:48:49",
        "type": "Market",
        "status": "OK"
    },
    {
        "order_id": "1832995889048983296",
        "order_link_id": "1832995889048983297",
        "symbol": "USDCUSDT",
        "qty": 1.0,
        "timestamp": "2024-12-03 20:15:38",
        "type": "Market",
        "status": "OK"
    },
    {
        "order_id": "1832998050357057280",
        "order_link_id": "1832998050357057281",
        "symbol": "USDCUSDT",
        "qty": 1.0,
        "timestamp": "2024-12-03 20:19:56",
        "type": "Market",
        "status": "OK"
    },
    {
        "order_id": "1832998453085738752",
        "order_link_id": "1832998453085738753",
        "symbol": "USDCUSDT",
        "qty": 1.0,
        "timestamp": "2024-12-03 20:20:44",
        "type": "Market",
        "status": "OK"
    },
    {
        "order_id": "1832999354877875968",
        "order_link_id": "1832999354877875969",
        "symbol": "USDCUSDT",
        "qty": 1.0,
        "timestamp": "2024-12-03 20:22:31",
        "type": "Market",
        "status": "OK"
    },
    {
        "order_id": "1832999617743296256",
        "order_link_id": "1832999617743296257",
        "symbol": "USDCUSDT",
        "qty": 1.0,
        "timestamp": "2024-12-03 20:23:03",
        "type": "Market",
        "status": "OK"
    }
]